{"CX": {"CD0": -0.032814490218571774, "k": -0.2047488577538517}, "CY": {"coefs": [-8.584256021567495e-22, 3.2474157779394957e-17, -0.26764823656376363, 0.0003150109107855913, 1.8323897767420638e-18], "intercept": 7.232814521780846e-19}, "CZ": {"coefs": [-3.8927011993854125e-06, -5.2910318320007805, -2.7979685601917487e-16, 9.058575097412936e-18, -0.009310560803643675], "intercept": -0.15697390776566766}, "Cl": {"coefs": [7.812575808383849e-23, -5.981225176932853e-17, -0.025959305273676476, 0.011935454244100934, -1.7665385484847266e-19], "intercept": -1.3865505097103796e-18}, "Cm": {"coefs": [3.6067433678919856e-07, -1.7197733144718825, -2.5023085753336366e-16, 3.415815468391614e-18, -0.04633405429060122], "intercept": -0.00849619608371762}, "Cn": {"coefs": [1.2212698005538645e-22, -9.910865425854698e-18, 0.04461887170107205, 0.00021754395946897636, 2.0850979385918678e-19], "intercept": -4.0296482362400527e-20}}