{"CX": {"CD0": -0.016138346195398896, "k": -0.2307064980574697}, "CY": {"coefs": [-7.248489114705017e-07, -0.005208952022254503, -0.11222830447927869, 0.00021149828398498767, -5.1039359810778876e-06], "intercept": 0.0018064227000181982}, "CZ": {"coefs": [-2.1660202226992655e-05, 5.183179848257501, 0.009621030129820905, -1.0570721975963384e-17, -0.008999746518149084], "intercept": -0.10345180062621473}, "Cl": {"coefs": [-7.803823788048008e-07, 0.0020530021162220133, 0.05271166983526137, -0.015535641931376932, -6.014110844948204e-06], "intercept": 0.0020036212611214154}, "Cm": {"coefs": [5.1660828220805106e-05, 2.0493994369982227, -0.08434480052467185, -3.6760149293360695e-18, -0.043880710698949096], "intercept": -0.14636929798125006}, "Cn": {"coefs": [1.2116749822687576e-07, 0.0014366026032132323, -0.04033678934061764, -8.803968078392823e-05, 9.499175068002913e-07], "intercept": -0.00031292241264053246}}