q,alpha,beta,aileron,elevator,intercept
-1.589839431556499e-05,0.372839211094077,0.005427273067346603,-3.318066104447645e-19,-0.0003144179345572762,-0.06247954802871372
-7.248489114704806e-07,-0.005208952022254505,-0.112228304479279,0.00021149828398496937,-5.103935981075856e-06,0.0018064227000181743
-2.1660202226992184e-05,5.183179848257514,0.009621030129823096,-1.4272149942636146e-17,-0.008999746518147944,-0.10345180062621509
-7.803823788047768e-07,0.002053002116222006,0.05271166983526151,-0.015535641931377358,-6.014110844952507e-06,0.002003621261121389
5.16608282208035e-05,2.049399436998228,-0.08434480052467182,-2.3948233218790185e-17,-0.04388071069894828,-0.14636929798124823
1.2116749822687192e-07,0.0014366026032132475,-0.04033678934061774,-8.803968078394163e-05,9.499175068017427e-07,-0.00031292241264052807
